2017-neutral-hydrogen | 2017-neutral-hydrogen | html | .
2018-non-linear-universe | 2018-non-linear-universe | html | .
2017-non-linear-universe | 2017-non-linear-universe | html | .
2018-extra-galactic | 2018-extra-galactic | html | .
2018-multiplex-fiber | 2018-multiplex-fiber | html | .
2019-lensing | 2019-lensing | html | .
2020-spectroscopic | 2020-spectroscopic | html | .
